wlobscd,agcnm,obsnm,addr,etcaddr,lon,lat,gdt,attwl,wrnwl,almwl,srswl,pfh,fstnyn,links,시도명
1001602,환경부,평창군(송정교),강원도 평창군 진부면,하진부리 송정교,128.5511111111111,37.62416666666667,511.589,8.5,9.5,12,14.9,14.9,N,[],강원도
1001620,환경부,정선군(송계교),강원도 정선군,임계면 봉산리 송계교,128.8491666666667,37.494166666666665,491.02,1.5,2.5,3,3.6,3.64,N,[],강원도
1001622,환경부,정선군(혈천교),강원도 정선군,임계면 낙천리 혈천교,128.84694444444446,37.46472222222223,479.382,3,4,5,6.6,6.64,N,[],강원도
1001625,환경부,정선군(송천교),강원도 정선군,여량면 유천리 송천교,128.7186111111111,37.48555555555556,374.685,3.5,4.5,6,7.3,7.32,N,[],강원도
1001626,환경부,정선군(제1여량교),강원도 정선군 여량면,여량리 제1여량교,128.72916666666666,37.473333333333336,369.492,4,5,6,7.8,7.78,N,[],강원도
1001629,환경부,정선군(남평대교),강원도 정선군 북평면,남평리 남평대교,128.65305555555557,37.43888888888888,332.062,4.5,5.5,6.5,7.1,7.14,N,[],강원도
1001630,환경부,정선군(나전교),강원도 정선군,북평면 북평리 나전교,128.6497222222222,37.43861111111111,333.208,3,4,4.5,5.4,5.43,N,[],강원도
1001645,환경부,정선군(와평교),강원도 정선군 정선읍,신월리 와평교,128.68416666666667,37.36611111111111,313.547,3.5,4.5,5.5,7,7.02,N,[],강원도
1001649,환경부,정선군(애산교),강원도 정선군,정선읍 애산리 애산교,128.67083333333332,37.373333333333335,300.915,3,4,5,6,6.03,N,[],강원도
1001655,환경부,정선군(정선제1교),강원도 정선군,정선읍 봉양리 정선제1교,128.65722222222223,37.37833333333333,296.789,3.5,4.5,6,7.8,7.75,Y,[],강원도
1001658,환경부,정선군(광하교),강원도 정선군,정선읍 광하리 광하교,128.6188888888889,37.36972222222222,273.539,5.5,6.5,8.5,10.6,10.57,N,[],강원도
1001660,환경부,정선군(낙동교),강원도 정선군,남면 낙동리 낙동교,128.69361111111112,37.31888888888889,324.016,2,3,3.5,3.6,3.63,N,[],강원도
1001670,환경부,영월군(거운교),강원도 영월군,영월읍 거운리 거운교,128.51222222222222,37.234722222222224,196.936,2,3,4,4.5,4.49,N,[],강원도
1001690,환경부,영월군(영월대교),강원도 영월군,영월읍 덕포리 영월대교,128.4752777777778,37.18194444444444,183.205,4.6,6,8,10.5,10.48,Y,[],강원도
1002605,환경부,평창군(이목정교),강원도 평창군,용평면 이목정리 이목정교,128.47194444444446,37.62138888888889,590.873,2.5,3.5,4,4.8,4.82,N,[],강원도
1002610,환경부,평창군(장평교),강원도 평창군,용평면 장평리 장평교,128.4127777777778,37.58638888888889,526.963,1,2,2.5,3.2,3.22,N,[],강원도
1002615,환경부,평창군(백옥포교),강원도 평창군,용평면 백옥포리 386-3,128.39138888888888,37.586111111111116,521.655,1.5,2.5,3.5,4.5,4.53,N,[],강원도
1002625,환경부,평창군(선애교),강원도 평창군,대화면 상안미리 선애교,128.41,37.474444444444444,385.387,3,4,5,6.5,6.48,N,[],강원도
1002635,환경부,평창군(사초교),강원도 평창군,대화면 하안미리 사초교,128.43972222222223,37.45527777777778,374.616,2.5,3.5,4.5,5,4.96,N,[],강원도
1002640,환경부,평창군(상방림교),강원도 평창군,방림면 방림리 상방림교,128.41722222222222,37.43138888888889,359.217,3,3.5,4,4.7,4.74,N,[],강원도
1002650,환경부,평창군(평창교),강원도 평창군,평창읍 중리 평창교,128.40611111111113,37.367777777777775,288.472,2.5,3.5,4.5,5.6,5.46,Y,[],강원도
1002675,환경부,횡성군(안흥교),강원도 횡성군,안흥면 안흥리 안흥교,128.155,37.41222222222222,414.303,2,4.5,5.5,7.2,7.18,N,[],강원도
1002680,환경부,영월군(두학교),강원도 영월군,수주면 두산리 두학교,128.1925,37.296388888888885,306.256,2,3.5,5,6.1,6.11,N,[],강원도
1002685,환경부,영월군(주천교),강원도 영월군,주천면 신일리 주천교,128.26583333333335,37.2675,240.555,4,5,6,7.4,6.79,Y,[],강원도
1002687,환경부,영월군(신천교),강원도 영월군,한반도면 신천리 신천교,128.33166666666665,37.22972222222222,211.492,4,5,6,6.3,6.31,N,[],강원도
1002698,환경부,영월군(팔괴교),강원도 영월군,영월읍 하송리 팔괴교,128.45527777777778,37.17194444444444,181.215,3,4,5,6.4,6.44,N,[],강원도
1003605,환경부,영월군(충혼교),강원도 영월군 중동면,녹전리 충혼교,128.6808333333333,37.14222222222222,269.682,3,4,5,6.1,6.07,N,[],강원도
1003620,환경부,영월군(옥동교),강원도 영월군,김삿갓면 옥동리 옥동교,128.56416666666667,37.12222222222222,183.969,4,4.5,5.5,6.9,6.91,N,[],강원도
1003636,환경부,단양군(가대교),충청북도 단양군 가곡면,가대리 가대교,128.40555555555557,37.040277777777774,139.454,5,8.5,11,13.7,13.71,N,[],충청북도
1003642,환경부,단양군(덕천교),충청북도 단양군,가곡면 덕천리 덕천교,128.38916666666665,37.00555555555555,135.027,9,10,13,16.1,16.07,N,[],충청북도
1003645,환경부,단양군(단양1교),충청북도 단양군 단성면,북하리 단양1교,128.33555555555557,36.93111111111111,140.903,2.5, , ,5.8,5.78,N,[],충청북도
1003658,환경부,제천시(부수동교),충청북도 제천시 백운면,방학리 부수동교,128.0088888888889,37.14861111111111,219.627,2.5,3.5,4,5,4.97,N,[],충청북도
1003660,환경부,제천시(팔송교),충청북도 제천시 봉양읍,팔송리 팔송교,128.11972222222224,37.14722222222222,214.71,3,3.5,4,4.7,4.69,N,[],충청북도
1003661,환경부,제천시(구곡교),충청북도 제천시 봉양읍,구곡리 구곡교,128.10611111111112,37.11222222222222,185.267,3.5,4.5,5.5,6.5,6.5,N,[],충청북도
1004620,환경부,청주시(옥화1교),충청북도 청주시 상당구,미원면 옥화리 옥화1교,127.70166666666667,36.61527777777778,198.602,2,5,6,7.3,7.3,N,[],충청북도
1004645,환경부,괴산군(수전교),충청북도 괴산군,칠성면 외사리 수전교,127.8425,36.76722222222222,110.221,2,4,5.5,6.7,6.68,N,[],충청북도
1004646,환경부,괴산군(비도교),충청북도 괴산군,칠성면 비도리 비도교,127.87805555555555,36.79,118.175,2,3,3.5,4.4,4.38,N,[],충청북도
1004670,환경부,괴산군(추산교),충청북도 괴산군,불정면 추산리 추산교,127.81416666666667,36.89361111111111,95.281,3.5,4.5,5.5,6.8,6.8,N,[],충청북도
1004680,환경부,충주시(문강교),충청북도 충주시 살미면,문강리 문강교,127.94611111111111,36.88777777777778,98.733,2,3,3.5,3.9,3.91,N,[],충청북도
1004693,환경부,괴산군(목도교),충청북도 괴산군,불정면 목도리 목도교,127.85527777777777,36.87,87.793,2,3.5,4.5,5.9,5.87,Y,[],충청북도
1004695,환경부,충주시(국원대교),충청북도 충주시,대소원면 검단리 국원대교,127.87166666666666,36.96611111111111,63.819,4,5,6,8.1,8.05,N,[],충청북도
1005605,환경부,충주시(탄금교),충청북도 충주시,중앙탑면 창동리 탄금교,127.89,36.98861111111111,62.702,3,4.5,6,7,7.04,N,[],충청북도
1005640,환경부,충주시(목계교),충청북도 충주시,엄정면 목계리 목계교,127.88111111111111,37.07611111111112,52.337,3,5.5,7,9.1,9.07,N,[],충청북도
1005695,환경부,원주시(법천교),강원도 원주시,부론면 법천리 법천교,127.75416666666666,37.20444444444445,43.84,3.5,4.5,5.5,8.4,8.39,N,[],강원도
1005697,환경부,원주시(남한강대교),강원도 원주시,부론면 법천리 남한강대교,127.74777777777778,37.20611111111111,39.676,4,7,9,11.4,11.43,N,[],강원도
1006630,환경부,횡성군(오산교),강원도 횡성군 공근면,오산리 오산교,127.99138888888889,37.520833333333336,118.391,4,5,6,6.9,6.95,N,[],강원도
1006650,환경부,횡성군(횡성교),강원도 횡성군,횡성읍 읍하리 횡성교,127.98055555555555,37.495,107.053,1.5,3.5,4.5,5.3,5.31,N,[],강원도
1006660,환경부,횡성군(전천교),강원도 횡성군,횡성읍 교항리 전천교,127.98138888888889,37.48222222222223,107.876,2,3.5,4.5,5.9,5.86,N,[],강원도
1006665,환경부,원주시(원주교),강원도 원주시,봉산동 원주교,127.95555555555556,37.34777777777778,120.223,1,2.5,3,4,3.97,N,[],강원도
1006670,환경부,원주시(옥산교),강원도 원주시,호저면 옥산리 옥산교,127.92166666666667,37.42861111111111,80.576,2.5,6,7.5,9.4,9.39,N,[],강원도
1006672,환경부,원주시(장현교),강원도 원주시,호저면 신현리 장현교,127.89805555555556,37.42027777777778,77.58,5,6,7.5,8.9,8.9,N,[],강원도
1006680,환경부,원주시(지정대교),강원도 원주시,지정면 간현리 지정대교,127.83166666666666,37.361666666666665,59.492,4.5,5.5,6.5,7.4,7.42,N,[],강원도
1006690,환경부,원주시(문막교),강원도 원주시,문막읍 문막리 문막교,127.81027777777777,37.305,50.72,4.2,4.5,5.5,6.7,6.69,Y,[],강원도
1007604,환경부,안성시(한평교),경기도 안성시 일죽면,고은리 한평교,127.43361111111112,37.10638888888889,76.169,5,6,7,8.7,8.65,N,[],경기도
1007605,환경부,이천시(장호원교),경기도 이천시,장호원읍 장호원리 장호원교,127.63472222222222,37.11361111111111,56.683,2,4,5,5.6,5.6,N,[],경기도
1007615,환경부,여주시(원부교),경기도 여주시,점동면 원부리 원부교,127.63444444444445,37.16222222222222,50.945,4,5.5,6.5,7.6,8.69,Y,[],경기도
1007617,환경부,여주시(삼합교),경기도 여주시,점동면 삼합리 삼합교,127.71916666666667,37.202222222222225,42.076,3.5,5.5,7,8.3,8.26,N,[],경기도
1007620,환경부,여주시(강천리),경기도 여주시,강천면 강천리 546-1,127.71388888888889,37.23111111111111,38.4,5,6,8,9.9,9.92,N,[],경기도
1007625,환경부,여주시(남한강교),경기도 여주시,우만동 (구)남한강교,127.68111111111112,37.254444444444445,36.292,6,6.5,8.5,10.3,10.32,N,[],경기도
1007633,환경부,강천보(상류),경기도,여주시 단현동 47-3,127.68333333333334,37.27305555555555,0,38.5,42.5,43.5,45.1,45.11,N,[],경기도
1007635,환경부,여주시(여주대교),경기도 여주시,상동 여주대교,127.64777777777779,37.296388888888885,32.529,3.3,6,8,9.2,9.19,Y,[],경기도
1007639,환경부,여주보(상류),경기도,여주시 대신면 천남리 680,127.61555555555555,37.32611111111112,0,33.5,37,38.5,39.7,39.7,N,[],경기도
1007640,환경부,여주시(율극교),경기도 여주시,흥천면 율극리 율극교,127.57333333333332,37.33388888888889,32.057,3.5,4.5,5.5,7.2,7.19,N,[],경기도
1007645,환경부,이천시(복하교),경기도 이천시,부발읍 신하리 복하교,127.46083333333334,37.26694444444444,46.418,2.5,3,3.5,4.3,4.29,N,[],경기도
1007650,환경부,여주시(흥천대교),경기도 여주시,흥천면 다대리 흥천대교,127.53527777777778,37.33305555555556,35.555,2,3.5,4.5,5.4,5.4,Y,[],경기도
1007655,환경부,여주시(양촌교),경기도 여주시,대신면 초현리 양촌교,127.56277777777777,37.3825,30.136,3.5,4.5,5.5,7,6.96,N,[],경기도
1007660,환경부,여주시(이포대교),경기도 여주시,금사면 이포리 이포대교,127.5375,37.401111111111106,26.105,3.5,6.5,8.5,10.3, ,N,[],경기도
1007662,환경부,이포보(상류),경기도,여주시 금사면 이포리 이포대교,127.53777777777778,37.401111111111106,0,28.5,33,34.5,36.4,36.39,N,[],경기도
1007680,환경부,양평군(흑천교),경기도 양평군,개군면 공세리 흑천교,127.5275,37.46611111111111,32.286,2,3,3.5,4.6,4.57,N,[],경기도
1007685,환경부,양평군(양평교),경기도 양평군,양평읍 양근리 양평교,127.49,37.48638888888889,19.558,8.5,9,11,13.6,13.6,N,[],경기도
1007690,환경부,양평군(봉상교),경기도 양평군,단월면 봉상리 봉상교,127.65138888888889,37.51166666666666,78.78,2,3,4,4.5,4.51,N,[],경기도
1007697,환경부,양평군(신원리),경기도 양평군 양서면,신원리 462-2,127.37138888888889,37.525,24.29,3.3,4,5,6,6.02,N,[],경기도
1010695,환경부,춘천시(춘천댐하류),강원도 춘천시,서면 서상리 산 2-2,127.67583333333334,37.95944444444445,71.811,5.5,6.5,8.5,10.7,10.71,N,[],강원도
1011620,환경부,인제군(반월촌교),강원도 인제군 서화면,심적리 반월촌교,128.2036111111111,38.26444444444444,310.488,4,5,6,8.2,8.22,N,[],강원도
1011695,환경부,인제군(리빙스턴교),강원도 인제군 인제읍,합강리 리빙스턴교,128.18333333333334,38.08833333333334,192.943,4.5,6.5,8,9.7,9.71,N,[],강원도
1012630,환경부,인제군(왕성동교),강원도 인제군,상남면 미산리 왕성동교,128.3227777777778,37.871944444444445,373.813,4,5.5,6.5,9.5,9.48,N,[],강원도
1012635,환경부,인제군(양지교),강원도 인제군 상남면,미산리 양지교,128.28833333333333,37.876666666666665,340.511,3.5,4.5,5.5,6.6,6.57,N,[],강원도
1012640,환경부,인제군(현리교),강원도 인제군,기린면 현리 현리교,128.31722222222223,37.948055555555555,285.965,2.5,3.5,4,5.4,5.42,N,[],강원도
1012645,환경부,인제군(하죽천교),강원도 인제군 기린면,서리 하죽천교,128.30805555555557,37.97694444444445,261.206,3.5,7.5,9,11.1,11.08,N,[],강원도
1012685,환경부,춘천시(천전리),강원도 춘천시,신북읍 천전리61-20,127.78972222222222,37.930277777777775,76.049,2.5,4.5,6,7,7.03,N,[],강원도
1013637,환경부,춘천시(소양2교),강원도 춘천시,근화동 소양2교,127.7225,37.893055555555556,.012,71.5,73,74,74.7,74.69,N,[],강원도
1013645,환경부,춘천시(강촌교),강원도 춘천시,남산면 강촌리 강촌교,127.63361111111112,37.8175,52.497,2,8.5,10.5,12.2,12.2,N,[],강원도
1013655,환경부,가평군(가평교),경기도 가평군,가평읍 읍내리 가평교,127.51805555555555,37.831388888888895,51.857,1.8,3,4,5.2,5.18,Y,[],경기도
1014620,환경부,홍천군(용선교),강원도 홍천군,내촌면 답풍리 용선교,128.0652777777778,37.81333333333333,184.738,2.5,3.5,4,4.6,4.58,N,[],강원도
1014630,환경부,홍천군(주음치교),강원도 홍천군,화촌면 주음치리 주음치교,127.98333333333333,37.78444444444444,152.147,3,4,5,6.3,6.25,N,[],강원도
1014640,환경부,홍천군(굴운교),강원도 홍천군,화촌면 굴운리 굴운교,127.9413888888889,37.73861111111111,131.685,3.5,4.5,6,7.3,7.26,N,[],강원도
1014650,환경부,홍천군(홍천교),강원도 홍천군,홍천읍 연봉리 홍천교,127.87888888888888,37.68722222222222,119.731,2,4,5,6.5,6.52,Y,[],강원도
1014665,환경부,홍천군(남노일대교),강원도 홍천군 남면,남노일리 남노일대교,127.77055555555556,37.67527777777777,89.282,5.5,6.5,8,9.3,9.34,N,[],강원도
1014680,환경부,홍천군(반곡교),강원도 홍천군,서면 반곡리 반곡교,127.67055555555557,37.69361111111111,68.288,3,4,5,6,5.96,N,[],강원도
1014696,환경부,홍천군(모곡교),강원도 홍천군,서면 모곡리 모곡교,127.60499999999999,37.67194444444444,58.438,3.4, , , , ,N,[],강원도
1015644,환경부,가평군(청평교),경기도 가평군,청평면 청평리 청평교,127.41444444444446,37.73416666666667,31.222,2,4.5,5.5,8.6,8.59,N,[],경기도
1015645,환경부,가평군(신청평대교),경기도 가평군,청평면 삼회리 산90 신청평대교,127.41027777777778,37.71805555555556,22.612,5,10,12.5,15.5,15.46,N,[],경기도
1015680,환경부,남양주시(삼봉리),경기도 남양주시,조안면 삼봉리 235-1,127.33916666666666,37.59527777777778,24.422,1.6,4.5,6,7.2,7.25,N,[],경기도
1016607,환경부,용인시(월촌교),경기도 용인시,처인구 모현면 갈담리 월촌교,127.23944444444444,37.3325,49.553,1.5,4.5,5,6.7,6.71,N,[],경기도
1016650,환경부,광주시(경안교),경기도 광주시,쌍령동 경안교,127.26305555555555,37.406666666666666,34.106,1.5,4,5,6.1,6.13,Y,[],경기도
1016660,환경부,광주시(섬뜰교),경기도 광주시,초월읍 도평리 섬뜰교,127.29277777777777,37.399166666666666,36.123,2.5,4,5,6.4,6.41,N,[],경기도
1016670,환경부,광주시(서하교),경기도 광주시,초월읍 서하리 서하교,127.30833333333334,37.428888888888885,26.762,3.5,4.5,5.5,5.9,5.92,N,[],경기도
1016695,환경부,광주시(광동교),경기도 광주시,퇴촌면 광동리 광동교,127.29416666666667,37.471111111111114,-.057,26,27,27.5,28.3,28.35,N,[],경기도
1018610,환경부,남양주시(팔당대교),경기도 남양주시,와부읍 팔당리 팔당대교,127.23944444444444,37.547777777777775,5.571,7,9,11.5,15.5,15.52,N,[],경기도
1018620,환경부,남양주시(부평교),경기도 남양주시,진접읍 부평리 부평교,127.19666666666667,37.74027777777778,56.285,1.5,2.5,3.5,4.8,4.82,N,[],경기도
1018623,환경부,남양주시(연평대교),경기도 남양주시,진접읍 연평리 연평대교,127.18222222222222,37.71,44.501,1.8,2,2.5,4.2,4.25,N,[],경기도
1018625,환경부,남양주시(내곡교),경기도 남양주시,진접읍 내각리 내곡교,127.16472222222222,37.69166666666666,33.497,2.5,3.5,4.5,6,6.05,N,[],경기도
1018630,환경부,남양주시(진관교),경기도 남양주시,퇴계원면 퇴계원리 진관교,127.15194444444445,37.65,22.349,.4,2,3,4,4.01,Y,[],경기도
1018635,환경부,남양주시(퇴계원리),경기도 남양주시,퇴계원면 퇴계원리 339-6,127.13805555555557,37.644999999999996,21.486,2,2.5,3,4,4,N,[],경기도
1018638,환경부,남양주시(왕숙교),경기도 남양주시 도농동,다산동 왕숙교,127.14805555555556,37.603611111111114,10.336,4.9,6,8,9.7,9.67,N,[],경기도
1018640,환경부,서울시(광진교),서울특별시,광진구 광장동 광진교,127.11027777777777,37.54555555555555,5.284,3,8,10.5,13.6,13.63,N,[],서울특별시
1018650,환경부,성남시(궁내교),경기도 성남시,분당구 정자동 궁내교,127.10833333333333,37.37,33.094,2,3.5,4,4.2,4.19,N,[],경기도
1018655,환경부,서울시(대곡교),서울특별시,강남구 세곡동 대곡교,127.12249999999999,37.46888888888889,9.555,3.8,5.5,7,8.5,8.46,Y,[],서울특별시
1018658,환경부,서울시(대치교),서울특별시 강남구 대치동,대치교,127.07444444444444,37.498333333333335,4.464,3,8.5,11,13.5,13.55,N,[],서울특별시
1018662,환경부,서울시(청담대교),서울특별시,강남구 청담동 청담대교,127.06277777777777,37.52305555555555,1.747,3,9,11.5,16,16.03,N,[],서울특별시
1018665,환경부,의정부시(신곡교),경기도 의정부시,의정부동 신곡교,127.05333333333333,37.73527777777778,33.058,2.5,4.5,5.5,7,6.98,N,[],경기도
1018669,환경부,서울시(창동교),서울특별시 도봉구 창동,창동교,127.05416666666666,37.65277777777778,14.618,4.5,5.5,6.5,7.9,7.91,N,[],서울특별시
1018670,환경부,서울시(월계2교),서울특별시,노원구 월계동 월계2교,127.05,37.62416666666667,16.359,2,5,6,6.2,6.21,N,[],서울특별시
1018675,환경부,서울시(중랑교),서울특별시,중랑구 중화동 중랑교,127.07055555555556,37.5925,9.165,2.4,5,6.5,7.9,7.89,Y,[],서울특별시
1018680,환경부,서울시(잠수교),서울특별시,용산구 서빙고동 잠수교,126.99527777777777,37.51722222222222,-.068,3.9,5.5,6.2,6.5,16.17,N,[],서울특별시
1018683,환경부,서울시(한강대교),서울특별시,동작구 노량진동 한강대교,126.95666666666666,37.51444444444444,2.07,3.9,8.5,10.5,13.3,13.26,Y,[],서울특별시
1018690,환경부,안양시(충훈1교),경기도 얀양시,만안구 박달동 충훈1교,126.90305555555557,37.40472222222222,16.85,1,3,4,4.7,4.71,N,[],경기도
1018693,환경부,광명시(시흥대교),경기도 광명시,소화동 시흥대교,126.89333333333335,37.452222222222225,6.369,5,5.5,6.5,8.9,8.9,N,[],경기도
1018695,환경부,서울시(너부대교),서울특별시,구로구 천왕동 너부대교,126.84555555555555,37.47888888888889,7.367,1.5,3,4,4.8,4.76,N,[],서울특별시
1018697,환경부,서울시(오금교),서울특별시,양천구 신정동 오금교,126.87416666666665,37.50833333333333,2.996,4,7,9,11.1,11.13,Y,[],서울특별시
1019620,환경부,부천시(도두리2교),경기도 부천시,오정구 삼정동 도두리2교,126.76055555555556,37.532222222222224,3.427,2,2.5,3.5,4.2,4.16,N,[],경기도
1019630,환경부,서울시(행주대교),경기도 고양시덕양구 행주외동,행주대교,126.81472222222222,37.60305555555556,.803,4.5,6.5,8,10.7,10.68,N,[],경기도
1019675,환경부,김포시(전류리),경기도 김포시,하성면 전류리 478,126.66444444444446,37.69583333333333,-.1,5,5.5,7,8.6,8.61,N,[],경기도
1019680,환경부,파주시(교하교),경기도 파주시 하지석동,교하교,126.76138888888889,37.76027777777778,.922,2.5,5.5,7,8.2,8.18,N,[],경기도
1021650,환경부,연천군(필승교),경기도 연천군,중면 횡산리 필승교,126.96083333333334,38.111111111111114,31,1,2,7.5,12,12,N,[],경기도
1021680,환경부,연천군(임진교),경기도 연천군,군남면 진상리 임진교,127.0175,38.05638888888888,17.964,6,7,9.5,12.1,12.1,N,[],경기도
1022626,환경부,철원군(장수대교),강원도 철원군,김화읍 청양리 장수대교,127.37444444444444,38.24611111111111,193.338,4,5,6,8.3,8.25,N,[],강원도
1022630,환경부,철원군(삼합교),강원도 철원군,갈말읍 정연리 삼합교,127.34916666666666,38.29388888888889,187.501,3.5,4.5,5.5,7,7.05,N,[],강원도
1022635,환경부,철원군(한탄대교),강원도 철원군 동송읍,장흥리 한탄대교,127.29916666666666,38.18694444444444,125.072,5,8,9.5,11.8,11.77,N,[],강원도
1022640,환경부,포천시(용담교),경기도 포천시,영북면 자일리 용담교,127.27194444444444,38.12388888888889,92.13,3.5,6,8,9.9,9.99,N,[],경기도
1022648,환경부,포천시(은현교),경기도 포천시,영중면 거사리 은현교,127.23861111111111,38.00222222222222,61.322,3.5,4.5,5.5,6.7,6.69,N,[],경기도
1022650,환경부,포천시(영평교),경기도 포천시,영중면 영송리 영평교,127.21444444444445,38.01083333333333,56.354,2.5,3.5,4.5,5.4,5.43,Y,[],경기도
1022655,환경부,포천시(신백의교),경기도 포천시,창수면 고소성리 신백의교,127.14277777777778,38.018055555555556,44.553,5.5,6.5,8,9.9,9.87,N,[],경기도
1022662,환경부,연천군(차탄교),경기도 연천군 연천읍,차탄리 차탄교,127.07194444444444,38.087500000000006,47.815,3.5,4.5,6.5,7.8,7.82,N,[],경기도
1022668,환경부,동두천시(송천교),경기도 동두천시 송내동,송천교,127.05138888888888,37.88027777777778,57.033,2.5,4,5,6,6.05,N,[],경기도
1022670,환경부,연천군(신천교),경기도 연천군,청산면 대전리 신천교,127.07694444444444,37.99305555555556,27.429,3.5,4.5,5.5,6.7,6.65,N,[],경기도
1022680,환경부,연천군(사랑교),경기도 연천군,전곡읍 전곡리 사랑교,127.05583333333333,38.00888888888889,19.806,3.7,7.5,9.5,10.9,9.25,Y,[],경기도
1023640,환경부,연천군(삼화교),경기도 연천군,미산면 마전리 삼화교,126.98333333333333,38.025277777777774,5.374,11.5,12.5,16,19.5,19.51,N,[],경기도
1023660,환경부,파주시(비룡대교),경기도 파주시,적성면 가월리 비룡대교,126.91916666666667,37.98527777777778,7.428,6.9,9.5,11.5,13.6,13.57,Y,[],경기도
1023662,환경부,연천군(사미천교),경기도 연천군,장남면 전동리 사미천교,126.87833333333333,38.00333333333333,6.592,8.5,9.5,12,14.9,14.85,N,[],경기도
1023670,환경부,파주시(통일대교),경기도 파주시,문산읍 마정리 통일대교,126.74166666666667,37.904444444444444,1.302,6,7,8.5,9.4,9.42,N,[],경기도
1023680,환경부,파주시(아가메교),경기도 파주시,월롱면 능산리 아가메교,126.78388888888888,37.82138888888889,2.072,3.5,6,7.5,9,9.02,N,[],경기도
1101605,환경부,화성시(화산교),경기도 화성시,송산동 화산교,127.02027777777778,37.217777777777776,12.231,5,6,7.5,8.3,8.3,N,[],경기도
1101610,환경부,안성시(옥산대교),경기도 안성시,도기동 옥산대교,127.25027777777778,37.00138888888889,18.667,2,3,3.5,4.4,8.13,N,[],경기도
1101620,환경부,안성시(건천리),경기도 안성시,공도읍 건천리 2-5,127.1825,36.97361111111111,8.321,1,4.5,5.5,6.2,6.24,N,[],경기도
1101630,환경부,천안시(안성천교),충청남도 천안시,서북구 성환읍 신가리 (구)안성천교,127.11083333333333,36.97027777777778,3.761,3,4,5,6.1,6.1,N,[],충청남도
1101635,환경부,평택시(군문교),경기도 평택시,군문동 군문교,127.08,36.98361111111111,.129,4.2,6,7,8.4,8.36,Y,[],경기도
1101645,환경부,오산시(탑동대교),경기도 오산시,누읍동 탑동대교,127.05805555555555,37.13388888888889,10.736,1.5,3.5,4,4.2,4.18,N,[],경기도
1101650,환경부,화성시(수직교),경기도 화성시,향남면 수직리 수직교,126.99972222222222,37.12361111111111,4.333,4,5,6,7.4,7.38,N,[],경기도
1101663,환경부,평택시(진위1교),경기도 평택시,진위면 하북리 진위1교,127.05222222222221,37.095,5.334,2.5,4.5,5.5,7,7.04,N,[],경기도
1101665,환경부,평택시(회화리),경기도 평택시,서탄면 회화리 388,127.02888888888889,37.096111111111114,4.977,3,4.5,5.5,6.7,6.71,N,[],경기도
1101670,환경부,평택시(동연교),경기도 평택시,고덕면 동청리 동연교,126.9975,37.052499999999995,-.283,5,7.5,8.5,10.1,10.09,Y,[],경기도
1101680,환경부,평택시(팽성대교),경기도 평택시,팽성읍 원정리 팽성대교,127.03361111111111,36.97805555555556,.296,4,5,6,6.9,6.88,N,[],경기도
1301630,환경부,양양군(용천2교),강원도 양양군 서면,용천리 용천2교,128.60805555555555,38.05555555555555,6.868,3,4,5,6.1,6.09,N,[],강원도
1301658,환경부,양양군(양양대교),강원도 양양군,양양읍 월리 양양대교,128.63166666666666,38.07527777777778,.502,3,3.5,4.5,5.4,5.41,N,[],강원도
1302648,환경부,강릉시(회산교),강원도 강릉시,회산동 회산교,128.87,37.74305555555556,15.631,2.5,3,3.5,4.8,4.76,N,[],강원도
1302668,환경부,동해시(북평교),강원도 동해시,북평동 북평교,129.125,37.48527777777778,.192,1,2.5,3.5,6.3,6.32,N,[],강원도
1302670,환경부,강릉시(송림교),강원도 강릉시 연곡면,송림리 송림교,128.81055555555557,37.846944444444446,3.023,2.5,3.5,4.5,4.9,4.94,N,[],강원도
1303650,환경부,삼척시(상정교),강원도 삼척시 미로면,상정리 상정교,129.09861111111113,37.382777777777775,43.024,2.5,3.5,4.5,5.4,5.38,N,[],강원도
1303680,환경부,삼척시(오십천교),강원도 삼척시,남양동 오십천교,129.16805555555555,37.43805555555555,-1.75,4,5.5,6.5,8.5,8.45,N,[],강원도
2001610,환경부,태백시(문화교),강원도 태백시,장성동 216 (문화교),129.01722222222224,37.09583333333334,550.39,3.3,4.4,5.2,6.36,6.26,N,[],강원도
2001628,환경부,봉화군(분천교),경상북도 봉화군,소천면 분천리 2082-1 (분천교),129.05666666666667,36.930277777777775,317.713,5.9,7.1,8,9.05, ,N,[],경상북도
2001655,환경부,봉화군(도천교),경상북도 봉화군,명호면 도천리 1378 (도천교),128.90194444444444,36.85944444444445,197.233,3.3,4.1,4.9,5.66, ,N,[],경상북도
2002634,환경부,영양군(청암교),경상북도 영양군,입암면 신구리 704 (청암교),129.085,36.59722222222222,181.1,5.9,6.7,7.4,8.25,8.26,N,[],경상북도
2002685,환경부,안동시(묵계교),경상북도 안동시,길안면 묵계리 1127-85 ((구)묵계교),128.91083333333333,36.431666666666665,136.586,3.1,4,5,5.93,5.94,N,[],경상북도
2002695,환경부,안동시(대사3교),경상북도 안동시,길안면 대사리 785 (대사3교),128.95916666666665,36.36611111111111,201.939,3.6,4.6,5.6,6.52, ,N,[],경상북도
2003640,환경부,안동시(운산리),경상북도 안동시,일직면 운산리 166-2,128.66,36.47944444444445,97.458,2.3,4,5,5.97, ,N,[],경상북도
2003670,환경부,예천군(구담교),경상북도 예천군,지보면 암천리 708 (구담교),128.46249999999998,36.540277777777774,58.823,3.8,5.2,6.6,8.06, ,N,[],경상북도
2003690,환경부,의성군(풍지교),경상북도 의성군,다인면 용곡리 764 (풍지교),128.36499999999998,36.53,51.321,5.8,7.7,9.5,11.39,0,N,[],경상북도
2004605,환경부,봉화군(봉화대교),경상북도 봉화군,봉화읍 내성리 506 (봉화대교),128.73250000000002,36.88861111111111,184.12,2,3,3.9,4.75,4.48,N,[],경상북도
2004635,환경부,영주시(월호교),경상북도 영주시,문수면 적동리 738 (월호교),128.6211111111111,36.76305555555555,116.71,4.3,5.5,7,7.98,8.09,Y,[],경상북도
2004640,환경부,영주시(석탑교),경상북도 영주시,문수면 조제리 1136 (석탑교),128.59972222222223,36.71638888888889,100.86,3.5,4.9,6.2,7.54,7.54,N,[],경상북도
2004650,환경부,예천군(미호교),경상북도 예천군,보문면 미호리 401 (미호교),128.51833333333335,36.669444444444444,85.71,3,4.5,5.9,7.36,7.36,N,[],경상북도
2004655,환경부,예천군(고평교),경상북도 예천군,호명면 월포리 624 (고평교),128.48777777777775,36.61944444444445,75.159,4.5,5,6,7.24,7.22,N,[],경상북도
2004668,환경부,예천군(신예천교),경상북도 예천군,예천읍 남본리 310-1 (신예천교),128.44861111111112,36.650277777777774,79.006,2.5,3.1,3.8,4.39,4.31,N,[],경상북도
2004675,환경부,예천군(신음리),경상북도 예천군,개포면 신음리 545,128.34833333333333,36.58416666666667,58.441,4,5.2,6.4,7.64, ,N,[],경상북도
2004680,환경부,예천군(회룡교),경상북도 예천군,용궁면 대은리 950 (회룡교),128.31944444444443,36.586111111111116,52.8,5,6,7,8.4,8.4,Y,[],경상북도
2004695,환경부,예천군(산양교),경상북도 예천군,용궁면 읍부리 508 (산양교),128.26083333333332,36.61138888888889,67.99,2.16,2.6,3.1,3.62,3.62,N,[],경상북도
2005640,환경부,문경시(갈마교),경상북도 문경시,가은읍 갈전리 1014-1 (갈마교),128.0863888888889,36.638888888888886,126.77,3.5,4.6,5.2,5.35, ,N,[],경상북도
2005650,환경부,문경시(불정동),경상북도 문경시,불정동 410,128.1486111111111,36.645833333333336,88.14,4.2,5.3,6.2,7.95, ,N,[],경상북도
2005660,환경부,문경시(김용리),경상북도 문경시,영순면 김용리 262-4,128.21666666666667,36.589444444444446,62.96,2.9,4,4.5,4.62,4.62,Y,[],경상북도
2005680,환경부,상주시(이안교),경상북도 상주시,이안면 이안리 493-1 (이안교),128.1588888888889,36.54388888888889,62.96,2.8,3.5,4.3,5.05,5.09,N,[],경상북도
2006625,환경부,상주시(병성교),경상북도 상주시,병성동 805 (병성교),128.2213888888889,36.43555555555555,39.309,4.2,5.7,7.2,8.68, ,N,[],경상북도
2006630,환경부,상주시(소천2교),경상북도 상주시,가장동 637-1 (소천2교),128.14777777777778,36.375277777777775,56.47,2.2,3.3,4,4.66,4.66,N,[],경상북도
2006665,환경부,상주시(후천교),경상북도 상주시,계산동 523 (후천교),128.15861111111113,36.42805555555555,52.328,2.95,3.3,3.7,4.62,4.63,N,[],경상북도
2006675,환경부,상주시(화계교),경상북도 상주시,복룡동 487 (화계교),128.18777777777777,36.42027777777778,46.93,2.4,3.3,4.2,5.07, ,N,[],경상북도
2007620,환경부,문경시(말응리),경상북도 문경시,영순면 말응리 산93,128.2613888888889,36.5425,46.407,4.3,6.1,7.8,9.57, ,N,[],경상북도
2007640,환경부,문경시(이목리),경상북도 문경시,영순면 이목리 산80,128.29611111111112,36.55555555555555,46.677,5.9,6.4,8.4,10.5,10.46,N,[],경상북도
2007660,환경부,예천군(상풍교),경상북도 예천군,풍양면 효갈리1083-1 (상풍교),128.2686111111111,36.49861111111111,45.78,1.72,4,5.5,6.97,6.56,Y,[],경상북도
2007680,환경부,상주시(상주보상),경상북도 상주시,중동면 오상리 산91(죽암양수장),128.2513888888889,36.43194444444444,0,47.5,48.6,49.1,49.64,49.64,N,[],경상북도
2007682,환경부,상주시(상주보하),경상북도 상주시,도남동 810-1,128.24249999999998,36.43472222222222,0,43.1,44.7,46.3,47.86,47.86,N,[],경상북도
2007686,환경부,상주시(강창교),경상북도 상주시 낙동면,신상리 364-13(강창교),128.24444444444444,36.40972222222222,35.05,5.45,8.5,10.1,11.71,11.71,N,[],경상북도
2008628,환경부,의성군(구미교),경상북도 의성군 봉양면,구미리 475-2 (구미교),128.60027777777776,36.30583333333333,55.01,4,5.1,6.2,7.32,7.32,N,[],경상북도
2008630,환경부,군위군(미성교),경상북도 군위군,우보면 이화리 575-9 (미성교),128.67222222222222,36.181666666666665,102.3,2.4,2.9,3.4,3.81,3.81,N,[],경상북도
2008631,환경부,의성군(덕은교),경상북도 의성군,봉양면 구산리 1645-220 (덕은교),128.60944444444445,36.29,58.17,4.2,4.7,5.3,5.79,5.79,N,[],경상북도
2008632,환경부,의성군(비안교),경상북도 의성군,비안면 서부리 773 (비안교),128.48833333333332,36.335,44.81,3.58,6,7.5,8.99,8.99,N,[],경상북도
2008633,환경부,의성군(장송교),경상북도 의성군 비안면,장춘리 111-1(장송교),128.52083333333334,36.32777777777778,45.25,4.8,6.5,8,9.72,54.92,Y,[],경상북도
2008635,환경부,군위군(병수리),경상북도 군위군,효령면 병수리 703,128.58555555555557,36.176944444444445,85.03,2.9,3.5,4.4,5.21,5.22,N,[],경상북도
2008645,환경부,군위군(효령교),경상북도 군위군,효령면 중구리 725-1 (효령교),128.58416666666668,36.155277777777776,93.49,2.2,2.5,3.2,3.84,3.84,N,[],경상북도
2008650,환경부,군위군(무성리),경상북도 군위군,군위읍 무성리 821-2,128.56416666666667,36.193888888888885,80.26,4.2,5,6,6.12,6.12,Y,[],경상북도
2008665,환경부,의성군(동부교),경상북도 의성군 비안면,장춘리 965-1(동부교),128.50055555555556,36.323888888888895,48.29,4.6,5.8,7.1,8.28,8.28,N,[],경상북도
2008690,환경부,의성군(위중리),경상북도 의성군,단밀면 위중리 681-1,128.39694444444444,36.359722222222224,38.9,5.1,6.6,8.2,9.79,9.79,N,[],경상북도
2009618,환경부,의성군(낙단보상),경상북도 의성군,단밀면 생송리 1441,128.31305555555556,36.35722222222223,0,40.5,42.2,43,43.73,43.73,N,[],경상북도
2009620,환경부,의성군(낙단교),경상북도 의성군,단밀면 낙정리 806 (낙단교),128.3011111111111,36.3575,27.14,8.3,9,10.5,14,12.67,Y,[],경상북도
2009670,환경부,구미시(일선교),경상북도 구미시,도개면 신림리 775 (일선교),128.3427777777778,36.27305555555555,30.788,2.21,3.6,4.6,5.56,0,N,[],경상북도
2009680,환경부,구미시(구미보상),경상북도 구미시,선산읍 독동리 산98,128.33972222222224,36.23833333333334,0,33,34.3,34.9,35.55,35.55,N,[],경상북도
2009682,환경부,구미시(구미보하),경상북도 구미시,해평면 낙산리 1095-34,128.34444444444446,36.23361111111111,0,29.1,30.9,32.7,34.4,34.4,N,[],경상북도
2010635,환경부,김천시(지품교),경상북도 김천시,구성면 상원리 234-21 (지품교),128.03972222222222,36.02611111111111,106.54,3.3,4,4.7,5.44,5.44,N,[],경상북도
2010650,환경부,김천시(김천교),경상북도 김천시,지좌동 1046-1 (김천교),128.13055555555556,36.119166666666665,58.909,2.76,4.5,5,5.45,5.45,Y,[],경상북도
2010660,환경부,김천시(대동교),경상북도 김천시,개령면 서부리 669-1 (대동교),128.19305555555556,36.16361111111111,47.967,3,4,5.1,6.16,6.17,N,[],경상북도
2010690,환경부,구미시(선주교),경상북도 구미시,선산읍 화조리 581-6 (선주교),128.3088888888889,36.22777777777778,31.425,2.8,3.9,5,6.1,6.13,N,[],경상북도
2011625,환경부,구미시(양포교),경상북도 구미시 구포동,1075(양포교),128.4286111111111,36.135555555555555,26.957,3.9,4.9,6,6.99, ,N,[],경상북도
2011640,환경부,구미시(구미대교),경상북도 구미시,임수동 550-1 (구미대교),128.39666666666665,36.11083333333333,23.83,2.17,4.6,5.6,6.62,8.07,N,[],경상북도
2011648,환경부,칠곡군(칠곡보상),경상북도 칠곡군,양목면 관호리 1번지,128.39583333333331,36.01722222222222,0,26,27.2,27.8,28.39,28.39,N,[],경상북도
2011649,환경부,칠곡군(칠곡보하),경상북도 칠곡군,약목면 관호2리 37번지,128.39499999999998,36.013888888888886,0,21.9,23.6,25.4,27.13,27.13,N,[],경상북도
2011650,환경부,칠곡군(호국의다리),경상북도 칠곡군,왜관읍 석전리 872  (호국의다리),128.39444444444445,36.000277777777775,13.12,6.88,10,11.5,15,13.47,Y,[],경상북도
2011660,환경부,성주군(성주대교),경상북도 성주군,선남면 선원리 5-3 (성주대교),128.39027777777778,35.880833333333335,15.272,4.73,7.5,8.7,9.96,0,N,[],경상북도
2011665,환경부,성주군(도성교),경상북도 성주군,선남면 도성리 651-5 (도성교),128.36583333333334,35.87916666666667,18.445,4.2,5.2,6.3,7.3, ,N,[],경상북도
2011696,환경부,대구시(강정고령보하),대구광역시 달성군,다사읍 죽곡리 705번지,128.46527777777777,35.83916666666667,0,17.6,19.6,21.6,23.6,23.6,N,[],대구광역시
2012625,환경부,영천시(단포교),경상북도 영천시,고경면 단포리 407-144 (단포교),128.96833333333333,35.978611111111114,77.9,2.2,2.8,3.5,4.09,4.09,N,[],경상북도
2012628,환경부,영천시(영동교),경상북도 영천시,완산동 1269-1 (영동교),128.93861111111113,35.96888888888889,67.45,3.2,4.2,5.1,6.08,6.08,N,[],경상북도
2012632,환경부,영천시(영양교),경상북도 영천시,쌍계동 504-1 (영양교),128.9175,35.961666666666666,66.987,1.9,2.9,3.7,4.53, ,N,[],경상북도
2012640,환경부,영천시(금창교),경상북도 영천시,금호읍 교대리 661 (금창교),128.87555555555556,35.93055555555555,52.58,2.1,4,5,6.08,6.08,Y,[],경상북도
2012645,환경부,봉화군(풍호리),경상북도 봉화군,명호면 풍호리 산174,128.88888888888889,36.846111111111114,190.553,5,8.4,10.5,12.68, ,N,[],경상북도
2012648,환경부,경산시(압량교),경상북도 경산시,압량면 부적리 698 (압량교),128.76638888888888,35.852222222222224,38.69,2,2.9,3.8,4.71,4.71,N,[],경상북도
2012650,환경부,경산시(환상리),경상북도 경산시,하양읍 환상리 768-1 (금호3교 하류),128.77916666666667,35.878055555555555,39.21,1.8,4,5,6.14,6.14,N,[],경상북도
2012652,환경부,대구시(성동교),대구광역시 수성구,성동 566-1 (성동교),128.72361111111113,35.85194444444445,35.209,1.8,3.3,4.1,5.04,5.01,N,[],대구광역시
2012653,환경부,대구시(안심교),대구광역시 동구,동호동 340-1 (안심교),128.71444444444444,35.861666666666665,32.87,1,4,5,6.11,6.11,N,[],대구광역시
2012660,환경부,대구시(신암동),대구광역시 동구,불로동 1107-1 (보성2차APT앞),128.63444444444443,35.891666666666666,24.93,3.25,5.5,7.5,8.85,8.47,Y,[],대구광역시
2012665,환경부,대구시(동화교),대구광역시 북구,서변동 1630-1 (동화교),128.60027777777776,35.91638888888889,23.774,2,3.8,4.8,5.87, ,N,[],대구광역시
2012666,환경부,대구시(노곡교),대구광역시 북구 노곡동,883-2(노곡교),128.56472222222223,35.901944444444446,17.28,5.1,7,8.8,10.69,27.97,N,[],대구광역시
2012670,환경부,대구시(산격대교),대구광역시 북구,서변동 1630-1 (산격대교),128.59833333333333,35.909444444444446,21.11,3.9,5.9,7.2,8.55,8.49,N,[],대구광역시
2012690,환경부,대구시(성북교),대구광역시 북구,산격동 1519-1 (성북교),128.59305555555557,35.893055555555556,24.73,2.9,3,4,4.93,4.93,N,[],대구광역시
2012695,환경부,대구시(강창교),대구광역시 달서구,파호동 460 (강창교),128.47166666666666,35.85333333333333,12.73,5.5,7.6,9.8,11.88,11.97,N,[],대구광역시
2012696,환경부,대구시(매곡리),대구광역시 달성군,다사읍 매곡리 1171 (강정취수장 상류),128.4463888888889,35.849444444444444,13.02,6.98,9,10,11.21,11.28,N,[],대구광역시
2013615,환경부,성주군(가천교),경상북도 성주군,가천면 창천리 1242-1 (가천교),128.17305555555555,35.880833333333335,112.487,2.2,2.9,3.6,4.33, ,N,[],경상북도
2013620,환경부,성주군(화죽교),경상북도 성주군,수륜면 수성리 954-1 (화죽교),128.17916666666665,35.873333333333335,108.971,2.1,2.5,2.9,3.39, ,N,[],경상북도
2013630,환경부,합천군(구정리),경상남도 합천군 야로면,구정리 269-1,128.16972222222222,35.70722222222223,101.16,3.02,3.6,4.2,4.93,4.94,N,[],경상남도
2013640,환경부,고령군(귀원교),경상북도 고령군,쌍림면 매촌리 463-1 (귀원교),128.23916666666665,35.67583333333333,38.793,2.9,3.8,4.8,5.68, ,N,[],경상북도
2013650,환경부,고령군(회천교),경상북도 고령군,고령읍 장기리 331 (회천교),128.2777777777778,35.72916666666667,22.63,3.5,3.7,4.3,4.84,4.84,N,[],경상북도
2013685,환경부,고령군(사촌리),경상북도 고령군,우곡면 사촌리 899-1,128.32194444444445,35.70055555555556,14.342,4,5.5,6.9,8.3, ,N,[],경상북도
2013690,환경부,고령군(도진교),경상북도 고령군,우곡면 야정리 971 (도진교),128.33722222222224,35.678888888888885,10.72,4.1,5.8,7.5,9.26, ,N,[],경상북도
2014620,환경부,대구시(사문진교),대구광역시 달성군,화원읍 성산리 744-11 (사문진교),128.47416666666666,35.81222222222222,10.63,3.87,8.8,10.8,12.63,13.57,N,[],대구광역시
2014640,환경부,고령군(고령교),경상북도 고령군,성산면 삼대리 112-3 (고령교),128.38694444444442,35.75277777777778,10.6,3.9,8.1,9.9,11.5,12.2,N,[],경상북도
2014650,환경부,대구시(달성보상),대구광역시 달성군,논공읍 하리 813번지,128.42222222222222,35.736111111111114,0,14.5,18.7,20.3,21.87,21.87,N,[],대구광역시
2014651,환경부,고령군(달성보하),경상북도 고령군,개진면 이안리 12-1번지,128.4163888888889,35.731944444444444,0,14.2,16.6,19.1,21.52,21.71,N,[],경상북도
2014660,환경부,대구시(성하리),대구광역시 달성군,현풍면 성하리 274 (현풍휴게소뒤),128.43416666666667,35.70277777777778,8.3,2.7,10,12,12.77,13.4,Y,[],대구광역시
2014680,환경부,대구시(내리),대구광역시 달성군,구지면 내리 774-5,128.40305555555557,35.63361111111111,4.583,6.41,10,12.4,14.9, ,N,[],대구광역시
2014690,환경부,합천군(율지교),경상남도 합천군,덕곡면 율지리 1 (율지교),128.35833333333332,35.61222222222222,4.153,6.85,10,12.3,14.66, ,N,[],경상남도
2014697,환경부,합천군(합천창녕보상),경상남도 합천군,청덕면 삼학리 221-1천,128.35611111111112,35.58888888888889,0,11,15.4,17,18.59,18.59,N,[],경상남도
2014699,환경부,합천군(합천창녕보하),경상남도 합천군,청덕면 삼학리 199-1,128.3552777777778,35.58694444444445,0,10.2,12.9,15.5,18.15,18.15,N,[],경상남도
2015630,환경부,거창군(남하교),경상남도 거창군,남상면 월평리 855-15 (남하교),127.94,35.67194444444444,177.37,3,4,5,6.06,6.06,N,[],경상남도
2016680,환경부,합천군(황강교),경상남도 합천군,적중면 죽고리 922-1 (황강교),128.2927777777778,35.57194444444445,8.291,5,7,9,10.93,10.85,Y,[],경상남도
2017620,환경부,합천군(적포교),경상남도 합천군,청덕면 앙진리 1 (적포교),128.35916666666665,35.527499999999996,.574,4.93,11.3,14,16.78,0,N,[],경상남도
2017630,환경부,의령군(대곡교),경상남도 의령군,부림면 대곡리 996 (대곡교),128.34833333333333,35.48527777777778,6.757,5,6.9,8.7,10.6, ,N,[],경상남도
2017685,환경부,의령군(세간교),경상남도 의령군,유곡면 세간리 29-4 (세간교),128.35,35.44333333333333,20.89,2.66,3.5,4,4.8,4.8,N,[],경상남도
2018609,환경부,함양군(안의교),경상남도 함양군,안의면 금천리 254-1 (안의교),127.81361111111111,35.62916666666667,189.55,1.5,2.9,3.7,4.47,4.28,N,[],경상남도
2018640,환경부,산청군(고읍교),경상남도 산청군 생초면,하촌리 160-6 (고읍교),127.83055555555555,35.48916666666667,106.71,5.3,6.1,6.7,9.33,9.33,N,[],경상남도
2018645,한국수자원공사,산청군(경호교),경상남도 산청군,산청읍 산청리 349(경호교),127.87416666666665,35.41777777777777,86.15,3.76,6.5,8,10.61,10.61,Y,[],경상남도
2018662,환경부,산청군(소이교),경상남도 산청군 신안면,외고리 431-1 (소이교),128.0075,35.36,56.513,2.2,3.4,4.5,5.6, ,N,[],경상남도
2018674,환경부,산청군(묵곡교),경상남도 산청군,단성면 묵곡리 140-11 (묵곡교),127.96416666666667,35.28194444444444,37.8,4.4,6.3,8.2,10.09,10.09,N,[],경상남도
2019610,환경부,고성군(두문교),경상남도 고성군,영오면 오서리 1611-1 (두문교),128.19083333333333,35.09861111111111,33.21,2.9,3.5,4.1,5.41,5.41,N,[],경상남도
2019620,환경부,함안군(송도교),경상남도 함안군 대산면,구혜리 927-1 (송도교),128.41583333333335,35.36055555555556,-.099,8.6,11,13.3,15.66, ,N,[],경상남도
2019625,환경부,진주시(옥산교),경상남도 진주시 문산읍,옥산리 39-2(옥산교),128.15611111111113,35.16305555555555,16.433,5.1,6,6.7,7.87, ,N,[],경상남도
2019635,환경부,진주시(덕오리),경상남도 진주시,집현면 덕오리 22-2,128.13694444444442,35.237500000000004,12.11,4.5,5.8,7.1,8.43, ,N,[],경상남도
2019640,환경부,진주시(월강교),경상남도 진주시,진성면 가진리 1718  (월강교),128.1988888888889,35.222500000000004,10.727,3.7,5.4,7.2,8.86, ,N,[],경상남도
2019647,환경부,진주시(장박교),경상남도 진주시,지수면 청담리 1684-1 (장박교),128.27222222222224,35.256388888888885,4.711,6.3,8.4,10.6,12.72, ,N,[],경상남도
2019653,환경부,의령군(공단교),경상남도 의령군 의령읍,동동리 845-2(공단교),128.2686111111111,35.31722222222223,8.79,4.5,5.7,6.8,7.94,7.94,N,[],경상남도
2019655,환경부,의령군(정암교),경상남도 의령군,의령읍 정암리 430-43 ((구)정암교),128.29527777777778,35.31333333333333,6.04,6.2,7,8.5,10.69,10.69,Y,[],경상남도
2019680,환경부,함안군(서촌리),경상남도 함안군,대산면 서촌리 1446 (악양교 하류),128.40055555555557,35.33166666666667,3.041,5.9,8.2,10.6,12.92, ,N,[],경상남도
2019685,환경부,함안군(대사교),경상남도 함안군 함안면,대산리 1242-2(대사교),128.42555555555555,35.255,20.46,2.3,2.8,3.3,3.86, ,N,[],경상남도
2019695,환경부,의령군(성산리),경상남도 의령군,지정면 성산리 1106-4,128.42916666666665,35.39083333333333,3.09,5.1,7.5,9.9,12.21,0,N,[],경상남도
2020603,환경부,밀양시(판곡교),경상남도 밀양시,무안면 죽월리 672-1 (판곡교),128.6536111111111,35.504444444444445,19.757,2.6,3.2,3.8,4.36, ,N,[],경상남도
2020605,환경부,창녕군(강리),경상남도 창녕군,장마면 강리 1085-1 (화영삼거리 부근),128.46249999999998,35.4575,8.789,2.3,3.4,4.4,5.41, ,N,[],경상남도
2020615,환경부,함안군(계내리),경상남도 함안군,칠서면 계내리 343 (진동양수장옆),128.4836111111111,35.38333333333333,1.9,3.6,7,9,12.54,12.31,Y,[],경상남도
2020640,환경부,함안군(소랑교),경상남도 함안군,칠북면 덕남리 328-4 (소랑교),128.5225,35.38138888888889,-.168,5.67,10.1,12.3,14.44, ,N,[],경상남도
2020646,환경부,함안군(창녕함안보하),경상남도 함안군,칠북면 봉촌리 257 천,128.55055555555558,35.382777777777775,0,5.8,8.4,10.9,13.43,13.43,N,[],경상남도
2020647,환경부,창녕군(창녕함안보상),경상남도 창녕군,길곡면 오호리 1001,128.5511111111111,35.380833333333335,0,5.5,10.2,11.9,13.68,13.68,N,[],경상남도
2020650,환경부,창녕군(청암리),경상남도 창녕군,부곡면 청암리 1110 (청암취수장옆),128.60083333333333,35.39555555555555,-4.011,11.5,11.9,14.1,16.37,16.44,N,[],경상남도
2020651,환경부,밀양시(인교),경상남도 밀양시,초동면 오방리 682 (인교),128.6511111111111,35.42527777777777,1.766,4.8,6.9,8.9,10.97, ,N,[],경상남도
2020675,환경부,창원시(수산대교),경상남도 창원시,의창구 대산면 모산리 701 (수산대교),128.71416666666664,35.36527777777778,-.518,5.4,7.6,9.7,11.91,0,N,[],경상남도
2020680,환경부,김해시(오서교),경상남도 김해시,한림면 금곡리 1015 (오서교),128.815,35.336111111111116,-.608,4.5,6,7.5,9.04, ,N,[],경상남도
2021610,환경부,경주시(의곡교),경상북도 경주시 산내면,의곡리 591-40(의곡교),129.04749999999999,35.75833333333333,191.412,2.3,3,3.7,4.32, ,N,[],경상북도
2021640,환경부,청도군(원리),경상북도 청도군,청도읍 원리 988-1,128.76277777777779,35.61972222222222,53.27,1.8,3.8,4.8,5.58,5.8,N,[],경상북도
2021665,환경부,밀양시(상동교),경상남도 밀양시,상동면 옥산리 141-2 (상동교),128.765,35.56472222222222,25.744,4,5.5,7.1,8.6, ,N,[],경상남도
2021670,환경부,밀양시(금곡리),경상남도 밀양시,산외면 금곡리 83-8 (금곡교 하류),128.8388888888889,35.50861111111111,31.494,4.4,5,5.5,7.81, ,N,[],경상남도
2021675,환경부,밀양시(용평동),경상남도 밀양시,용평동 963 (활성교 상류),128.7788888888889,35.49444444444445,11.15,1.7,3.5,4.5,6.06,6.06,Y,[],경상남도
2021677,환경부,밀양시(남천교),경상남도 밀양시,삼문동 377 (남천교),128.7472222222222,35.48916666666667,5.37,4.5,4.8,6.2,7.58,8.04,N,[],경상남도
2021685,환경부,밀양시(남포동),경상남도 밀양시,남포동 408,128.78527777777776,35.461111111111116,.046,3.5,7.3,9.5,11.64,11.21,N,[],경상남도
2021690,환경부,밀양시(삼상교),경상남도 밀양시,삼랑진읍 미전리 894-15 (삼상교),128.79666666666665,35.41083333333333,-.88,4.5,7.8,9.9,12.01,12.01,N,[],경상남도
2022610,환경부,밀양시(삼랑진교),경상남도 밀양시,삼랑진읍 삼랑리 854 (삼랑진교),128.82166666666666,35.3825,-.828,4,5,7,11.67,11.57,Y,[],경상남도
2022640,환경부,김해시(월촌리),경상남도 김해시,대동면 월촌리 988,128.99416666666664,35.28944444444444,-.81,3.23,5.5,7,8.41,8.41,N,[],경상남도
2022655,환경부,양산시(효충교),경상남도 양산시,상북면 소토리 1287-47 (효충교),129.04694444444445,35.38055555555555,7.25,3.4,4.6,5.8,6.97,6.37,N,[],경상남도
2022660,환경부,양산시(양산교),경상남도 양산시,신기동 600 (양산교),129.0361111111111,35.3575,4.26,2.4,4,5,6.31,6.31,N,[],경상남도
2022670,환경부,양산시(호포대교),경상남도 양산시,물금읍 증산리 136-4 (호포대교),129.0113888888889,35.28944444444444,-.98,3.25,5.8,7.2,8.59,8.59,N,[],경상남도
2022680,환경부,부산시(구포대교),부산광역시 북구,구포동 1065-1 (구포대교),128.9936111111111,35.203611111111115,-1.59,2.53,4,5,7.55,7.55,Y,[],부산광역시
2022685,환경부,김해시(정천교),경상남도 김해시,명법동 1118 (정천교),128.8338888888889,35.205555555555556,-2.077,3.2,4.1,4.9,5.81, ,N,[],경상남도
2101620,환경부,경주시(효현교),경상북도 경주시 효현동,1125-31(효현교),129.17888888888888,35.815,33.94,4.3,5.2,6.1,6.96, ,N,[],경상북도
2101625,환경부,경주시(서천교),경상북도 경주시,서악동 1491-1 (서천교),129.20166666666665,35.838055555555556,26.59,1.7,4,4.8,6.56,6.57,N,[],경상북도
2101650,환경부,경주시(모아리),경상북도 경주시,천북면 모아리 848,129.24027777777778,35.92111111111111,9.057,2.9,4,5.1,6.12, ,N,[],경상북도
2101668,환경부,경주시(달성교),경상북도 경주시,안강읍 노당리 1503 (달성교),129.23833333333332,36.051944444444445,19.313,2.4,3,3.6,4.16, ,N,[],경상북도
2101675,환경부,경주시(강동대교),경상북도 경주시,강동면 오금리 1046-1 (강동대교),129.26527777777778,35.98111111111111,.64,5.29,6.5,7.5,9.73,9.73,Y,[],경상북도
2101690,환경부,포항시(형산교),경상북도 포항시,남구 해도동 229 ((신)형산교),129.37194444444447,36.01138888888889,-1.09,1.8,2.5,3,4.47,4.09,Y,[],경상북도
2201611,환경부,울산시(구수교),울산광역시 울주군 언양읍,반송리 1044-91(구수교),129.15083333333334,35.54805555555556,43.02,4,4.9,5.9,6.81, ,N,[],울산광역시
2201630,환경부,울산시(사연교),울산광역시 울주군,범서읍 사연리 531-5 (사연교),129.20444444444442,35.572500000000005,15.319,3.3,4.2,4.9,6.23,4.23,N,[],울산광역시
2201640,환경부,울산시(선바위교),울산광역시 울주군 범서읍,입암리 26-10 (선바위교),129.23527777777775,35.57805555555556,3.54,3.5,6,7.5,8.97,8.97,N,[],울산광역시
2201660,환경부,울산시(삼호교),울산광역시 남구,무거동 1035-1 (삼호교),129.2752777777778,35.553888888888885,-.22,1.7,4.5,6,7.9,7.9,N,[],울산광역시
2201670,환경부,울산시(태화교),울산광역시 중구,성남동 337 (태화교),129.30916666666667,35.55277777777778,-1.08,3.5,4.5,5.5,6.78,6.48,Y,[],울산광역시
2201685,환경부,울산시(신답교),울산광역시 북구 상안동,320-1 (신답교),129.34666666666666,35.62972222222222,16.63,3.75,4.2,4.8,5.39,5.39,N,[],울산광역시
2201690,환경부,울산시(병영교),울산광역시 북구,진장동 1028 (병영교),129.35194444444443,35.57666666666667,2.437,3.74,4.3,5.5,6.68,6.75,N,[],울산광역시
2301630,환경부,울산시(통천교),울산광역시 울주군,웅촌면 통천리 881-1 (통천교 상류),129.23916666666665,35.47,33.72,1.4,2,2.7,3.43,3.43,N,[],울산광역시
2301650,환경부,울산시(동천1교),울산광역시 울주군,온양읍 망양리 725-1 (동천1교),129.28472222222223,35.46333333333334,7.17,2.2,3,3.7,4.37,4.37,N,[],울산광역시
2301670,환경부,울산시(덕신교),울산광역시 울주군 온산읍,덕신리 980-1(덕신교),129.30472222222224,35.43416666666666,-1.46,4.3,5.6,6.7,7.85,7.85,N,[],울산광역시
2302650,환경부,부산시(원동교),부산시 해운대구 반여동,1475-8,129.11416666666665,35.193888888888885,-2.41,3.3,4.6,5.4,6.14,6.14,N,[],부산시
2401650,환경부,울진군(수산교),경상북도 울진군 근남면,노음리 322-2(수산교),129.39777777777778,36.96472222222223,-1.98,4.2,5.1,6,6.98,6.98,N,[],경상북도
2401690,환경부,영덕군(인량교),경상북도 영덕군 창수면,인량리 606-40(인량교),129.37722222222223,36.54888888888889,6.44,2.9,3.4,4,4.46,4.46,N,[],경상북도
2402630,환경부,영덕군(영덕대교),경상북도 영덕군 영덕읍,남산리 875((구)영덕대교),129.37333333333333,36.402499999999996,3.66,2.8,3.7,4.5,5.34,5.34,N,[],경상북도
3001605,환경부,장수군(운곡교),전라북도 장수군,천천면 삼고리 운곡교,127.53083333333333,35.72138888888889,342.567,1.5,2.7,3.5,4.2,346.78,N,[],전라북도
3001610,환경부,장수군(장계제2교),전라북도 장수군,장계면 장계리 장계교,127.58305555555555,35.73027777777778,345.488,1.5,2,2.5,5.9,351.42,N,[],전라북도
3002650,환경부,진안군(감동교),전라북도 진안군,용담면 송풍리 감동교,127.53472222222221,35.97083333333334,197.476,2.4,4.8,6.2,7.5,204.92,N,[],전라북도
3002655,환경부,무주군(대티교),전라북도 무주군,부남면 굴암리 대티교,127.5775,35.99388888888889,183.952,1.5,3.3,4.2,5.7,189.7,N,[],전라북도
3003617,환경부,무주군(하두교),전라북도 무주군 설천면,두길리 2323(하두교),127.7925,35.99027777777778,304.861,3,3.9,4.8,5.7, ,N,[],전라북도
3003620,환경부,무주군(신촌농2교),전라북도 무주군,설천면 소천리 신촌농2교,127.79527777777777,36.00555555555555,289.594,1.7,3,3.7,4.3,293.99,N,[],전라북도
3003660,환경부,무주군(여의교),전라북도 무주군,무주읍 장백리 여의교(충청북도 영동군 용화면 여의리),127.71166666666667,36.03583333333333,205.966,2.4,4.1,5.2,6.2,212.15,N,[],전라북도
3003675,환경부,무주군(산성교),전라북도 무주군 적상면,북창리 433-4(산성교),127.69583333333334,35.98722222222222,213.794,2.7,3.3,3.9,4.5, ,N,[],전라북도
3003680,환경부,무주군(취수장),전라북도 무주군,무주읍 읍내리 무주상수도취수장,127.6738888888889,36.00888888888889,185.652,1.3,3,4,5.4,191.13,Y,[],전라북도
3003692,환경부,무주군(무명교),전라북도 무주군 무주읍,용포리 1435-27(무명교),127.63916666666667,35.98583333333333,186.79,3.3,3.8,4.3,4.8, ,N,[],전라북도
3004637,환경부,금산군(황풍교),충청남도 금산군 남일면,황풍리 960-21,127.5075,36.08166666666667,142.746,2,2.4,2.8,4.3,147.13,N,[],충청남도
3004640,환경부,금산군(제원대교),충청남도 금산군,제원면 저곡리 제원대교(충청남도 금산군 제원면 천내리),127.56722222222221,36.111111111111114,126.08,2.5,5,6,6.7,132.86,Y,[],충청남도
3004645,환경부,금산군(음대교),충청남도 금산군,남일면 음대리 음대교(충청남도 금산군 남일면 신천리),127.50222222222222,36.03,167.275,1.5,2.5,3,3.4,170.76,N,[],충청남도
3004680,환경부,영동군(영산교),충청북도 영동군,영동읍 계산리 영산교,127.7725,36.178888888888885,119.657,1.6,3.5,4,5.4,125.31,N,[],충청북도
3004685,환경부,영동군(초강교),충청북도 영동군,심천면 초강리 (구)초강교,127.71583333333334,36.211111111111116,97.811,2.8,4.8,6,7.2,105.03,N,[],충청북도
3004690,환경부,영동군(양강교),충청북도 영동군,심천면 고당리 양강교,127.70777777777778,36.21194444444445,97.008,3.2,5,6,7,104.05,Y,[],충청북도
3005670,환경부,영동군(금상교),충청북도 영동군,황간면 마산리 555 금상교,127.91027777777778,36.22527777777778,155.467,1.6,3,4,4.8,160.29,N,[],충청북도
3005675,환경부,영동군(백화교),충청북도 영동군,황간면 우매리 백화교,127.89666666666668,36.25972222222222,171.937,2.6,3.5,4.5,6,178,N,[],충청북도
3005690,환경부,영동군(심천교),충청북도 영동군,심천면 심천리 심천교,127.72166666666666,36.230555555555554,96.19,1.7,4,5.2,6.2,102.48,N,[],충청북도
3006680,한국수자원공사,옥천군(이원대교),충청북도 옥천군,이원면 원동리 241-1(이원대교),127.66777777777779,36.239444444444445,88.09,3.2,6.4,7.9,9.9, ,N,[],충청북도
3006690,환경부,옥천군((구)금강2교),충청북도 옥천군 동이면,적하리 17-4 (구)금강2교,127.64527777777778,36.28944444444444,79.506,4.7,7,9,12.8, ,N,[],충청북도
3007610,환경부,보은군(산성교),충청북도 보은군,보은읍 산성리 산성교,127.71833333333333,36.52027777777778,160.142,1.4,2.3,2.8,3.4,162.88,N,[],충청북도
3007620,환경부,보은군(이평교),충청북도 보은군,보은읍 이평리 이평교(충청북도 보은군 보은읍 교사리),127.7225,36.489444444444445,149.294,1.8,2.9,3.7,4.5,152.86,N,[],충청북도
3007640,환경부,보은군(탄부교),충청북도 보은군,탄부면 임한리 탄부교,127.81166666666667,36.43722222222222,135.201,1.7,2.7,3.4,3.9,139.17,N,[],충청북도
3007645,환경부,보은군(대양교),충청북도 보은군,탄부면 대양리 대양교,127.79805555555555,36.420833333333334,129.394,2.3,3.4,4.1,4.7,134.17,N,[],충청북도
3007650,환경부,보은군(기대교),충청북도 보은군,마로면 기대리 기대교,127.82083333333333,36.41583333333333,125.851,2.6,4.7,5.9,6.8,132.66,N,[],충청북도
3007660,환경부,옥천군(산계교),충청북도 옥천군,청성면 산계리 산계교,127.75805555555556,36.31722222222223,95.792,2.5,3.5,4.5,6.2,102.06,N,[],충청북도
3008605,환경부,금산군(원당교),충청남도 금산군 추부면,신평리 599,127.50277777777778,36.223888888888894,160.276,3.1,3.5,3.9,4.3, ,N,[],충청남도
3008630,환경부,옥천군(옥각교),충청북도 옥천군,옥천읍 옥각리 458-6 옥각교,127.55499999999999,36.3175,79.893,2.5,3,4,5.4,85.33,N,[],충청북도
3008670,환경부,금산군(제원교),충청남도 금산군,제원면 저곡리 639-1,127.55277777777778,36.111666666666665,126.512,2.8,4,5,6.4,133,N,[],충청남도
3008695,환경부,대전시(금강1교),대전광역시 대덕구,석봉동 금강1교 (충청북도 청원군 현도면 양지리),127.41666666666667,36.45472222222222,22.26,2.3,4,5,7.8,31.16,N,[],대전광역시
3009620,환경부,금산군(문암교),충청남도 금산군,복수면 신대리 문암교,127.37777777777777,36.225,97.419,2,2.5,3.2,4,100.72,N,[],충청남도
3009630,환경부,대전시(복수교),대전광역시 서구,복수동 복수교 (대전광역시시 중구 사정동),127.38444444444445,36.299166666666665,51.993,2.05,2.5,3.1,3.9,56.37,N,[],대전광역시
3009640,환경부,대전시(인창교),대전광역시 동구,인동 인창교 (대전광역시 중구 문창동),127.43444444444445,36.32361111111111,47.679,2.3,2.8,3.2,4.6,52.28,N,[],대전광역시
3009645,환경부,대전시(철갑교),대전광역시 동구,소제동 철갑교,127.43805555555556,36.335,49.629,.5,1.3,1.8,2.1,51.76,N,[],대전광역시
3009650,환경부,대전시(용촌교),대전광역시 서구,용촌동 용촌교,127.31611111111111,36.2475,72.409,2,2.5,3.1,3.9,75.85,N,[],대전광역시
3009655,환경부,대전시(두계교),대전광역시 유성구,방동 두계교 (충청남도 계룡시 두마면 두계리),127.27888888888889,36.26638888888889,91.983,2,2.5,3,3.9,95.98,N,[],대전광역시
3009665,환경부,대전시(가수원교),대전광역시 서구,가수원동 가수원교,127.35888888888888,36.306666666666665,47.883,2.8,3.2,3.6,4.4,52.21,N,[],대전광역시
3009670,환경부,대전시(만년교),대전광역시 서구,월평동 만년교 (대전광역시 유성구 봉명동),127.34972222222221,36.35166666666667,39.345,2.5,3.5,4.5,5,44.42,Y,[],대전광역시
3009673,환경부,대전시(한밭대교),대전광역시 서구,둔산동 한밭대교 (대전광역시 대덕구 오정동),127.40305555555557,36.356944444444444,33.438,3,3.8,4.8,5.4,39.25,N,[],대전광역시
3009675,환경부,대전시(대덕대교),대전광역시 유성구,도룡동 대덕대교 (대전광역시시 서구 만년동),127.37972222222221,36.373333333333335,34.065,1,1.5,2,4.5,38.25,N,[],대전광역시
3009680,환경부,대전시(원촌교),대전광역시 대덕구,대화동 원촌교 (대전광역시시 유성구 원촌동),127.41000000000001,36.37833333333333,31.191,2.7,4,4.5,5.7,36.23,Y,[],대전광역시
3009693,환경부,대전시(신구교),대전광역시 유성구,봉산동 신구교 (대전광역시시 대덕구 문평동),127.39333333333335,36.43722222222222,21.952,3.65,5,6.4,8.5,30.41,N,[],대전광역시
3009698,환경부,대전시(봉산동),대전광역시 유성구,봉산동 53,127.39444444444445,36.45138888888889,20.538,3.5,6,7.9,9.8,30.08,N,[],대전광역시
3010620,환경부,세종시(노호리),세종특별자치시,부강면 노호리 423,127.39555555555556,36.49277777777778,18.141,3.9,5.7,7.6,9.4,27.59,N,[],세종특별자치시
3010660,환경부,세종시(명학리),세종특별자치시,연동면 명학리 963,127.35749999999999,36.519999999999996,13.821,2.7,6,8,10.6,24.51,N,[],세종특별자치시
3011615,환경부,진천군(신정교),충청북도 진천군,진천읍 신정리 신정교(충청북도 진천군 진천읍 성석리),127.46222222222222,36.855000000000004,56.672,1.5,2,3,3.2,59.56,N,[],충청북도
3011617,환경부,진천군(금곡교),충청북도 진천군,초평면 용정리 금곡교,127.53166666666667,36.84666666666667,65.256,1.2,2.3,3,3.6,68.93,N,[],충청북도
3011620,환경부,진천군(가산교),충청북도 진천군,덕산면 인산리 가산교,127.47722222222222,36.87638888888889,52.144,2,3.9,4.5,6.1,58.26,N,[],충청북도
3011623,환경부,진천군(인산리),충청북도 진천군,충청북도 진천군 덕산읍 인산리 1266-1,127.50555555555556,36.865833333333335,49.547,2.6,4,5.5,6.4,56.49,N,[],충청북도
3011624,환경부,진천군(오갑교),충청북도 진천군,초평면 오갑리 오갑교(충청북도 진천군 초평면 중석리),127.50333333333333,36.845555555555556,47.438,3.2,4.8,5.8,7.9,55.37,N,[],충청북도
3011625,환경부,증평군(반탄교),충청북도 증평군,증평읍 초중리 반탄교,127.57222222222222,36.78388888888889,48.855,1.9,3,3.5,5.3,53.29,N,[],충청북도
3011630,환경부,청주시(여암교),충청북도 청주시,청원구 오창읍 여천리 여암교(충청북도 진천군 초평면),127.50972222222222,36.77194444444444,36.978,3.3,4,5,5.7,42.78,N,[],충청북도
3011635,환경부,청주시(팔결교),충청북도 청주시,청원구 외하동 팔결교(충청북도 청주시 청원구 오창읍 가곡리),127.47555555555556,36.71416666666667,30.121,4,5,6,7.7,37.44,N,[],충청북도
3011641,환경부,청주시(노동교),충청북도 청원군,가덕면 노동리 471-1 노동교,127.53222222222222,36.551944444444445,78.739,1.7,2.5,3.1,4,82.79,N,[],충청북도
3011643,환경부,청주시(용평교),충청북도 청주시,흥덕구 분평동 용평교,127.49722222222222,36.611666666666665,43.869,1.75,3.5,4.5,5.5,48.77,N,[],충청북도
3011645,환경부,청주시(흥덕교),충청북도 청주시,흥덕구 운천동 흥덕교,127.48138888888889,36.64666666666667,36.428,1.6,4,5,6,42.42,Y,[],충청북도
3011650,환경부,천안시(장산교),충청남도 천안시,수신면 장산리 장산교,127.29694444444445,36.74027777777778,48.97,2.5,3.5,4.5,5.7,54.12,N,[],충청남도
3011660,환경부,청주시(환희교),충청북도 청주시,흥덕구 옥산면 환희리 72-1,127.36166666666666,36.67444444444444,31.484,2.1,3.6,4.5,5.3,36.84,N,[],충청북도
3011665,환경부,청주시(미호천교),충청북도 청주시,흥덕구 강내면 탑연리 미호천교(충청북도 청주시 흥덕구 오송읍 궁평리),127.35055555555554,36.62305555555555,19.783,5,7,8,9.2,29.08,Y,[],충청북도
3011675,환경부,세종시(상조천교),세종특별자치시,조치원읍 신안리 상조천교 (충청북도 청원군 오송읍 상봉리),127.28777777777778,36.63611111111111,29.629,2,2.5,3.5,4.7,33.8,N,[],세종특별자치시
3011685,환경부,세종시(미호교),충청북도 청주시,흥덕구 오송읍 미호교(세종시 연동면 예양리),127.31638888888888,36.5825,18.253,3.3,4.5,5.5,8.9,27.1,N,[],충청북도
3011687,환경부,세종시(월암교),세종특별자치시,연서면 봉암리 월암교(세종특별자치시 연서면 월하리),127.28833333333333,36.57083333333334,19.86,3.3,4.5,5.5,7.1,26.33,N,[],세종특별자치시
3011695,환경부,세종시(월산교),세종특별자치시,연기면 세종리 23-3,127.31916666666666,36.525555555555556,12.496,5,7,8.5,12.3,24.89,N,[],세종특별자치시
3012602,환경부,세종시(햇무리교),세종특별자치시,연기면 세종리 햇무리교,127.29916666666666,36.49916666666667,10.272,8.1,8.5,11,13.7,24.03,Y,[],세종특별자치시
3012605,환경부,세종시(금남교),세종특별자치시,연기면 세종리 금남교,127.27083333333333,36.47777777777778,10.308,5.5,7.5,9.5,13.2,23.51,N,[],세종특별자치시
3012607,환경부,세종시(도암교),세종특별자치시,금남면 도암리 도암교,127.285,36.446666666666665,20.325,1.5,2,2.5,4,24.42,N,[],세종특별자치시
3012608,환경부,세종시(세종보하),세종특별자치시 연기면,세종리 학나래교,127.25833333333334,36.46944444444445,-.114,15,17.5,20.5,23.4,23.34,N,[],세종특별자치시
3012609,환경부,세종시(산봉교),세종특별자치시,장군면 봉안리 산봉교,127.23944444444444,36.47777777777778,18.064,2.7,3.5,4,6,24.13,N,[],세종특별자치시
3012612,환경부,공주시(마암리),충청남도 공주시,반포면 마암리(산 96-8번지 주변),127.2088888888889,36.434999999999995,9.318,3,6.7,9.1,11.4,20.77,N,[],충청남도
3012620,환경부,공주시(금강교),충청남도 공주시,금성동 금강교,127.12472222222222,36.467222222222226,5.623,6.3,9,11,12.8,18.48,Y,[],충청남도
3012625,환경부,공주시(오인교),충청남도 공주시,의당면 요룡리 오인교,127.12694444444443,36.527499999999996,18.093,2,3,4,4.7,22.85,N,[],충청남도
3012633,환경부,공주시(공주보상),충청남도 공주시,우성면 평목리 87,127.09861111111111,36.465,.083,13,14,15.9,17.6,17.72,N,[],충청남도
3012634,환경부,공주시(공주보하),충청남도 공주시,우성면 평목리 87,127.0961111111111,36.46083333333333,-.126,8,12.2,14.9,17.6,17.49,N,[],충청남도
3012635,환경부,공주시(국재교),충청남도 공주시,사곡면 화월리 국재교,127.04305555555555,36.48222222222223,14.177,3.4,5.1,6.1,7.8,22.01,N,[],충청남도
3012650,환경부,청양군(신흥리),충청남도 청양군,목면 신흥리(46-1번지 주변),127.02277777777778,36.397777777777776,2.063,8,8.7,10.9,13.1,15.19,N,[],충청남도
3012655,환경부,청양군(지천교),충청남도 청양군,청양읍 적누리 지천교(충청남도 청양군 청양읍 정좌리),126.79083333333332,36.42861111111111,77.052,1.4,2.6,3.3,4,81.08,N,[],충청남도
3012662,환경부,청양군(백제보상),충청남도 청양군,청남면 왕진리 77,126.95416666666667,36.32805555555556,-.017,7,8,9,13,13.02,N,[],충청남도
3012664,환경부,부여군(백제보하),충청남도 부여군,부여읍 정동리 산14-1,126.93555555555555,36.316111111111105,.045,4.7,8.1,10.3,12.4,12.54,N,[],충청남도
3012665,환경부,부여군(지천교),충청남도 부여군,은산면 회곡리 지천교,126.85888888888888,36.32611111111112,6.698,3.8,4.8,5.5,7.6,13.32,N,[],충청남도
3012674,환경부,부여군(송학교),충청남도 부여군,남면 송학리 송학교,126.80138888888888,36.22166666666667,4.158,3,5,7,8.6,12.78,N,[],충청남도
3012675,환경부,부여군(백제교),충청남도 부여군,규암면 규암리 백제교(충청남도 부여군 부여읍 구교리),126.89166666666668,36.27583333333333,.76,4.5,7.5,9,10.6,11.45,Y,[],충청남도
3012680,환경부,부여군(석동교),충청남도 부여군,장암리 석동리 석동교,126.88416666666667,36.2475,1.542,4.9,6.4,8.5,10.4,12.01,N,[],충청남도
3012681,환경부,논산시(석성천교),충청남도 논산시,광석면 득윤리 석성천교 (충청남도 부여군 석성면 증산리),127.03222222222222,36.23555555555556,4.099,2.5,8,11,14.2,18.3,N,[],충청남도
3012685,환경부,부여군(반조원리),충청남도 부여군,세도면 반조원리 549,126.97611111111111,36.19638888888888,-.001,5.2,6.3,7.8,9.3,9.35,N,[],충청남도
3012690,환경부,논산시(동성교),충청남도 논산시,성동면 우곤리 동성교 (충청남도 부여군 석성면 석성리),127.00666666666666,36.21,.532,4.1,6.4,8.1,9.7,10.25,N,[],충청남도
3013603,환경부,완주군(엄목1교),전라북도 완주군 운주면,완창리 643-3,127.26055555555556,36.10416666666667,62.335,1.7,2.7,3.7,4.7, ,N,[],전라북도
3013605,환경부,논산시(인천교),충청남도 논산시,양촌면 인천리 인천교,127.23583333333333,36.136944444444445,45.015,2.5,3,3.5,4.7,49.72,N,[],충청남도
3013630,환경부,논산시(주곡교),충청남도 논산시 상월면,주곡리 181-1,127.14500000000001,36.28111111111111,10.782,3.1,4.5,5.9,7.3, ,N,[],충청남도
3013665,환경부,논산시(풋개다리),충청남도 논산시,광석면 항월리,127.13,36.23361111111111,5.225,3.5,4.5,5.5,7.1,12.34,N,[],충청남도
3013670,환경부,논산시(논산대교),충청남도 논산시,대교동 논산대교,127.08027777777778,36.209722222222226,.96,3.65,6,7.5,9.4,10.38,Y,[],충청남도
3013685,환경부,논산시(제내교),충청남도 논산시,채운면 채운리 제내교,127.0375,36.14388888888889,1.07,3.5,6.5,8,8.5,9.57,N,[],충청남도
3014610,환경부,논산시(황산대교),충청남도 논산시,강경읍 황산리 황산대교 (충청남도 부여군 세도면 가회리),127.00722222222223,36.153888888888886,-1.131,5.5,7,8,9.7,8.65,Y,[],충청남도
3014650,환경부,부여군(입포리),충청남도 부여군,양화면 입포리 209-9,126.88333333333334,36.135,.354,2.9,4.4,5.6,6.6,6.96,N,[],충청남도
3014670,환경부,서천군(옥포리),충청남도 서천군,화양면 옥포리 528-8,126.78138888888888,36.03611111111111,-1.192,4,4.7,5.3,5.9,4.77,N,[],충청남도
3014680,환경부,서천군(북원교),충청남도 서천군,기산면 원길리 북원교,126.73083333333334,36.074444444444445,.347,1.7,4.6,5.8,6.9,7.31,N,[],충청남도
3101604,환경부,예산군(은사교),충청남도 예산군,광시면 용두리 은사교,126.7786111111111,36.56055555555555,20.066,2.5,3.5,4.5,5.5,25.65,N,[],충청남도
3101613,환경부,예산군(서계양교),충청남도 예산군,신양면 녹문리 서계양교,126.86,36.60638888888889,23.822,2.1,4.1,5.3,6.5,30.36,N,[],충청남도
3101625,환경부,예산군(예산대교),충청남도 예산군,예산읍 산성리 예산대교,126.82083333333333,36.68416666666666,4.861,3.4,4,5,6.1,11.06,Y,[],충청남도
3101630,환경부,예산군(신례원교),충청남도 예산군,신암면 종경리 신례원교,126.83,36.73305555555556,.704,3.8,4.6,5.7,6.8,7.53,N,[],충청남도
3101635,환경부,홍성군(삽교천교),충청남도 홍성군,홍성읍 구룡리 삽교천교(충청남도 홍성군 홍성읍 고암리),126.68555555555555,36.5925,18.46,2.7,3.2,4,4.8,23.27,N,[],충청남도
3101638,환경부,예산군(신리교),충청남도 예산군,삽교읍 신리 신리교,126.67083333333333,36.68805555555555,24.522,1.3,2,2.5,2.8,27.4,N,[],충청남도
3101640,환경부,예산군(충의대교),충청남도 예산군,삽교읍 두리 충의대교,126.73055555555555,36.68666666666666,5.828,3.5,5,6,6.8,12.68,N,[],충청남도
3101645,환경부,예산군(구만교),충청남도 예산군,고덕면 구만리 구만교(충청남도 예산군 신암면 별리),126.75444444444445,36.736111111111114,.818,3.3,5.6,7,8.4,9.24,N,[],충청남도
3101650,환경부,당진시(구양교),충청남도 당진군,합덕읍 옥금리 구양교 (충청남도 예산군 신암면 신택리),126.815,36.774166666666666,-.226,3.5,5.3,6.4,7.4,7.19,N,[],충청남도
3101655,환경부,천안시(신흥교),충청남도 천안시,동남구 광덕면 매당리 신흥교,127.11388888888888,36.70277777777778,45.147,2.5,3.3,3.9,4.5,49.67,N,[],충청남도
3101660,환경부,천안시(가송교),충청남도 천안시,풍세면 가송리 가송교,127.14361111111111,36.735,30.25,1.6,2.3,2.8,3.2,33.53,N,[],충청남도
3101670,환경부,아산시(휴대교),충청남도 아산시,배방면 휴대리 휴대교,127.11361111111111,36.780833333333334,18.102,2,3,4,5.3,23.41,N,[],충청남도
3101672,환경부,아산시(덕지리),충청남도 아산시,음봉면 덕지리 524,127.08388888888888,36.83083333333334,24.11,1.8,3.1,3.9,4.6,28.77,N,[],충청남도
3101673,환경부,아산시(새터교),충청남도 아산시,탕정면 호산리 새터교,127.08277777777778,36.808055555555555,17.42,2,2.7,3.4,4,21.49,N,[],충청남도
3101675,환경부,아산시(한내다리),충청남도 아산시,탕정면 갈산리 한내대교,127.05388888888889,36.790277777777774,7.9,4,4.5,5.5,6.9,14.88,N,[],충청남도
3101683,환경부,아산시(온천교),충청남도 아산시,신동 온천교,127.03222222222222,36.77472222222222,10.663,2.3,3.4,4.3,5.1,14.57,N,[],충청남도
3101685,환경부,아산시(충무교),충청남도 아산시,염치읍 석정리 충무교,127.00833333333334,36.797777777777775,5.943,3.4,4,5,6,11.98,Y,[],충청남도
3101690,환경부,아산시(강청교),충청남도 아산시,염치면 가덕리 강청교,126.93361111111112,36.82166666666667,1.136,3.5,3.9,5,6,7.21,N,[],충청남도
3101693,환경부,당진시(신촌리),충청남도 당진군,우강면 신촌리 107-119,126.8275,36.84777777777778,-1.245,4.3,4.8,5.7,6.6,5.38,N,[],충청남도
3101696,환경부,당진시(북창교),충청남도 당진군 순성면,중방리 150-4,126.76138888888889,36.852222222222224,1.018,3.5,4.5,5.5,6.5, ,N,[],충청남도
3201690,환경부,당진시(채운교),충청남도 당진군,당진시 우두동 채운교,126.61444444444444,36.905,1.192,2.5,4,5,6.2,7.4,N,[],충청남도
3203620,환경부,보령시(동대교),충청남도 보령시,동대동 동대교,126.59861111111111,36.34666666666667,3.079,1.8,2.5,3.5,4.1,7.23,N,[],충청남도
3203652,환경부,보령시(노천교),충청남도 보령시,웅천읍 노천리 노천교,126.59388888888888,36.23111111111111,-.544,2.5,3.8,5,6,5.47,N,[],충청남도
5001615,환경부,담양군(금월교),전라남도 담양군,담양읍 학동리 금월교 하류,127.01666666666667,35.33277777777778,53.59,1.5,2,2.5,3,3.65,N,[],전라남도
